{"minzoom":0,"maxzoom":8,"center":[-56.953125,-32.544857,8.0],"bounds":[-58.496002,-35.632919,-53.074432,-30.088779]}