{"minzoom":0,"maxzoom":9,"center":[-58.007813,-32.842182,9.0],"bounds":[-58.496002,-35.632919,-53.074432,-30.088779]}